model,accuracy,precision,recall,f1_score,true_positives,true_negatives,false_positives,false_negatives,model_size_mb,latency_ms_per_sample,energy_kwh,co2_grams
distilbert,0.9932121212121212,0.993780127507386,0.9931623931623932,0.9934711643090316,6391,5900,40,44,2558.107587814331,9.572380701700848,0.0031384134579337,3.138413457933733
albert_base,0.9923232323232324,0.9923889406648028,0.9928515928515927,0.9926202128485978,6389,5891,49,46,454.58360958099365,20.912280920780063,0.0067208487618675,6.72084876186752
bert_base,0.9932929292929292,0.9950124688279302,0.992074592074592,0.9935413586491324,6384,5908,32,51,4180.7254066467285,18.770147227277658,0.0059470137226594,5.947013722659486
roberta_base,0.993939393939394,0.9948646125116714,0.9934731934731936,0.9941684161418242,6393,5907,33,42,4773.930230140686,17.35004663949061,0.005582115974845,5.582115974845081
electra_base,0.9937777777777778,0.99671875,0.9912975912975912,0.9940007791195948,6379,5919,21,56,4180.7281703948975,18.81731811677567,0.0060484081574809,6.048408157480919
deberta_v3_base,0.993858585858586,0.993022173980462,0.9951825951825952,0.994101210804098,6404,5895,45,31,7078.286147117615,24.945391683867484,0.0079230256522347,7.923025652234776
albert_large,0.994989898989899,0.9951825951825952,0.9951825951825952,0.9951825951825952,6404,5909,31,31,686.3953495025635,67.96036647064517,0.0214979469769766,21.497946976976653
bert_large,0.9953939393939394,0.9954940957116222,0.9956487956487956,0.9955714396705772,6407,5911,29,28,12789.52220916748,61.117248342494776,0.0193492662105347,19.349266210534758
roberta_large,0.9950707070707072,0.9957996266334784,0.9947163947163948,0.99525771592941,6401,5913,27,34,13570.010577201843,58.06738562535758,0.0183131026311186,18.313102631118664
